{
  "brightness_mean": 128.66136568529612,
  "brightness_std": 33.88277758862028,
  "contrast_mean": 62.82821045122909,
  "contrast_std": 13.495493751892706,
  "num_samples": 500
}