{
  "brightness_mean": 110.05443673881159,
  "brightness_std": 26.267592613002375,
  "contrast_mean": 64.25005876202968,
  "contrast_std": 10.573764885762818,
  "sample_size": 500
}