{
  "mAP50": 0.867241158834341,
  "mAP50-95": 0.5004883635761532,
  "precision": 0.8751083955599568,
  "recall": 0.7751304737808369,
  "no_helmet_recall": 0.7809187279151943
}